Customer_ID,Name,Age,Gender,City,Member_Since
C100,Anay Shanker,46,M,Mumbai,2021-07-08
C101,Nirvaan Choudhury,32,F,Mumbai,2021-10-24
C102,Sara Behl,25,F,Delhi,2024-09-03
C103,Kiara Kakar,38,F,Bangalore,2021-09-01
C104,Aniruddh Batra,36,F,Pune,2023-06-21
C105,Mehul Krishnan,40,M,Mumbai,2023-02-15
C106,Jhanvi Chaudhary,28,M,Hyderabad,2023-08-03
C107,Madhup Kapur,28,F,Delhi,2022-10-30
C108,Zoya Virk,41,F,Pune,2023-05-27
C109,Tara Swaminathan,53,F,Delhi,2022-08-02
C110,Rasha Kakar,41,M,Pune,2024-03-03
C111,Ranbir Brahmbhatt,20,F,Pune,2021-05-30
C112,Tarini Ganguly,39,F,Chennai,2021-09-03
C113,Divij Gupta,19,F,Mumbai,2023-06-26
C114,Taimur Vaidya,41,M,Delhi,2021-08-15
C115,Lavanya Deo,47,M,Delhi,2023-06-21
C116,Samiha Karpe,19,M,Chennai,2022-02-12
C117,Uthkarsh Baral,38,M,Hyderabad,2022-11-24
C118,Mishti Ranganathan,50,M,Hyderabad,2022-10-07
C119,Kashvi Char,29,M,Mumbai,2022-03-04
C120,Azad Sahota,39,M,Mumbai,2022-06-12
C121,Trisha Dhillon,42,M,Bangalore,2022-07-21
C122,Mehul Verma,44,F,Chennai,2022-03-22
C123,Vaibhav Dewan,45,F,Hyderabad,2023-09-01
C124,Myra Tiwari,33,M,Pune,2023-11-22
C125,Ishaan Goyal,32,M,Delhi,2022-12-27
C126,Lakshay Sampath,20,F,Mumbai,2021-02-11
C127,Rati Sanghvi,54,M,Delhi,2021-12-01
C128,Mahika Ravi,24,M,Delhi,2021-12-27
C129,Hazel Sethi,38,M,Bangalore,2023-10-01
C130,Ishaan Kashyap,26,F,Hyderabad,2021-06-28
C131,Purab Reddy,35,F,Mumbai,2021-11-15
C132,Piya Gaba,21,F,Delhi,2024-07-23
C133,Manikya Tara,42,F,Mumbai,2021-04-27
C134,Zara Dugar,31,F,Pune,2023-09-03
C135,Priyansh Bali,26,M,Bangalore,2021-03-12
C136,Jiya Vora,43,F,Pune,2023-10-21
C137,Lakshit Sagar,19,M,Mumbai,2023-03-15
C138,Vivaan Wagle,37,M,Mumbai,2022-05-28
C139,Hridaan Deo,45,F,Hyderabad,2021-08-26
C140,Nishith Sharma,24,F,Delhi,2021-07-08
C141,Siya Master,25,M,Delhi,2023-05-26
C142,Keya Iyengar,52,M,Pune,2023-04-14
C143,Madhup Biswas,31,M,Bangalore,2021-07-06
C144,Divij Shroff,34,F,Chennai,2022-07-21
C145,Faiyaz Bose,53,F,Delhi,2023-10-06
C146,Vritika Sangha,21,F,Hyderabad,2021-03-06
C147,Kimaya Balay,19,F,Pune,2024-07-17
C148,Vaibhav Raju,23,F,Pune,2022-05-16
C149,Eva Dass,21,M,Chennai,2022-10-29
C150,Pihu Sen,46,F,Hyderabad,2024-02-28
C151,Pihu Wali,35,M,Bangalore,2024-06-17
C152,Tiya Rege,43,M,Hyderabad,2024-10-17
C153,Faiyaz Din,51,M,Bangalore,2023-07-21
C154,Indranil Karan,27,F,Hyderabad,2021-03-17
C155,Saira Vora,53,F,Hyderabad,2022-12-11
C156,Damini Singh,31,F,Mumbai,2024-01-30
C157,Dishani Bera,48,M,Pune,2021-04-22
C158,Navya Kulkarni,32,M,Hyderabad,2022-11-10
C159,Indrans Grover,25,M,Chennai,2021-11-28
C160,Hrishita Sood,31,M,Hyderabad,2024-06-25
C161,Kismat Edwin,40,M,Delhi,2023-12-20
C162,Advik Bhalla,38,M,Pune,2022-09-11
C163,Zara Dube,33,F,Delhi,2024-10-25
C164,Bhavin Dara,35,F,Pune,2022-07-06
C165,Dharmajan Setty,41,F,Delhi,2021-11-27
C166,Darshit Sidhu,43,F,Hyderabad,2021-12-28
C167,Gokul Sahni,42,M,Hyderabad,2022-02-14
C168,Ira Butala,46,M,Mumbai,2022-08-13
C169,Eva Viswanathan,32,F,Chennai,2022-09-03
C170,Lakshit Madan,18,M,Delhi,2024-07-14
C171,Riya Dugal,42,F,Bangalore,2022-07-26
C172,Oorja Sachar,24,F,Mumbai,2022-10-10
C173,Advika Yogi,26,F,Delhi,2021-04-23
C174,Fateh Dasgupta,41,M,Delhi,2023-12-28
C175,Chirag Gara,18,F,Mumbai,2022-12-03
C176,Khushi Malhotra,25,F,Hyderabad,2024-03-21
C177,Khushi Choudhary,41,F,Delhi,2023-10-26
C178,Devansh Sathe,28,M,Hyderabad,2022-05-14
C179,Manikya Bandi,34,M,Mumbai,2021-07-08
C180,Shalv Banik,25,F,Hyderabad,2022-05-11
C181,Ranbir Sami,52,M,Pune,2022-03-30
C182,Lakshit Madan,52,M,Bangalore,2021-04-21
C183,Samaira Wadhwa,50,M,Delhi,2023-02-04
C184,Nirvaan Srinivasan,22,M,Chennai,2023-02-13
C185,Zara Jani,45,M,Bangalore,2022-06-05
C186,Divit Bava,24,M,Hyderabad,2023-04-24
C187,Sumer Kakar,26,M,Delhi,2023-04-28
C188,Anahita Venkatesh,25,M,Hyderabad,2024-05-27
C189,Pari Sachdeva,29,M,Pune,2023-06-25
C190,Biju Jaggi,51,M,Mumbai,2022-03-25
C191,Yasmin Venkataraman,50,F,Delhi,2021-11-13
C192,Nishith Char,40,F,Pune,2022-12-26
C193,Heer Kapur,41,M,Pune,2024-08-04
C194,Aarna Chand,54,F,Delhi,2021-09-30
C195,Anahi Dash,52,F,Hyderabad,2022-04-08
C196,Ahana  Swamy,39,M,Chennai,2021-03-30
C197,Badal Sachdev,44,M,Pune,2024-08-20
C198,Divij Shetty,52,M,Bangalore,2021-09-14
C199,Ivan Jani,18,F,Pune,2021-05-13
C200,Anya Chhabra,52,F,Chennai,2022-04-01
C201,Biju Butala,54,M,Hyderabad,2023-01-06
C202,Aarav Hayer,31,M,Hyderabad,2021-07-16
C203,Vardaniya Srinivasan,20,M,Bangalore,2023-09-06
C204,Reyansh Kakar,18,F,Pune,2023-02-25
C205,Indrans Chandran,22,F,Hyderabad,2021-04-05
C206,Madhav Balakrishnan,43,F,Chennai,2024-09-22
C207,Siya Dugar,31,F,Delhi,2022-01-04
C208,Badal Master,44,M,Mumbai,2021-03-04
C209,Damini Varkey,26,M,Mumbai,2022-07-04
C210,Bhavin Kumar,32,M,Mumbai,2022-09-10
C211,Kabir Banerjee,32,M,Pune,2024-07-15
C212,Pari Venkataraman,43,F,Bangalore,2024-06-09
C213,Yuvaan Bhasin,30,F,Hyderabad,2022-12-24
C214,Kavya Rajan,49,M,Delhi,2023-12-13
C215,Miraya Baria,49,M,Chennai,2022-08-16
C216,Nirvi Manne,21,F,Delhi,2023-06-30
C217,Pranay Chaudry,47,M,Chennai,2021-12-07
C218,Nakul Deo,54,F,Pune,2023-06-22
C219,Hansh Sampath,40,M,Mumbai,2024-04-14
C220,Amira Dugar,32,M,Pune,2021-05-09
C221,Aayush Karnik,46,M,Bangalore,2023-08-03
C222,Devansh Luthra,53,M,Bangalore,2024-02-01
C223,Dishani Deo,30,M,Chennai,2021-11-24
C224,Stuvan Wadhwa,49,M,Hyderabad,2022-12-07
C225,Nirvaan Goyal,24,M,Hyderabad,2022-01-30
C226,Indranil Kanda,39,F,Chennai,2024-01-08
C227,Manjari Swamy,45,F,Bangalore,2021-02-17
C228,Nitya Taneja,19,F,Bangalore,2024-07-07
C229,Nitara Ben,23,F,Bangalore,2022-08-26
C230,Prerak Bhardwaj,45,F,Pune,2021-03-08
C231,Shanaya Malhotra,45,M,Bangalore,2023-03-18
C232,Purab Dhaliwal,37,M,Delhi,2022-11-28
C233,Saanvi Garg,47,F,Mumbai,2024-06-09
C234,Piya Ravel,28,M,Bangalore,2022-04-08
C235,Dishani Konda,45,F,Chennai,2024-05-19
C236,Baiju Batra,42,F,Mumbai,2023-10-15
C237,Raghav Bains,50,M,Pune,2022-03-06
C238,Shamik Solanki,18,M,Chennai,2022-06-18
C239,Navya Deep,44,M,Mumbai,2023-04-12
C240,Seher Kant,30,F,Chennai,2022-06-27
C241,Jhanvi Agrawal,20,M,Pune,2022-10-27
C242,Dhanuk Wagle,23,F,Delhi,2023-07-08
C243,Inaaya  Badami,25,F,Pune,2021-01-28
C244,Keya Majumdar,44,F,Pune,2023-08-18
C245,Adah Bhatt,26,M,Chennai,2024-04-12
C246,Ryan Gopal,54,M,Hyderabad,2022-06-03
C247,Taimur Cheema,50,F,Bangalore,2024-08-20
C248,Nitya Behl,41,M,Bangalore,2023-05-01
C249,Vanya Mammen,32,M,Delhi,2022-12-19
C250,Miraya Shere,49,M,Delhi,2023-08-26
C251,Miraan Venkatesh,49,F,Bangalore,2022-02-14
C252,Yasmin Tak,41,F,Hyderabad,2022-07-21
C253,Zain Arora,29,M,Bangalore,2022-05-19
C254,Sara Ganesan,19,F,Hyderabad,2022-05-11
C255,Zaina Sami,20,M,Delhi,2021-12-18
C256,Priyansh Buch,54,M,Mumbai,2021-12-19
C257,Vaibhav Viswanathan,34,M,Chennai,2024-07-14
C258,Anaya Choudhry,19,M,Delhi,2022-03-15
C259,Amira Gill,19,F,Delhi,2024-09-15
C260,Yashvi Viswanathan,45,F,Pune,2023-09-03
C261,Mamooty Arora,40,F,Pune,2023-01-19
C262,Yakshit Gala,54,M,Pune,2023-09-20
C263,Darshit Som,49,M,Chennai,2021-11-10
C264,Stuvan Rege,50,M,Pune,2021-09-24
C265,Parinaaz Upadhyay,18,F,Hyderabad,2022-05-03
C266,Aniruddh Bhardwaj,36,M,Bangalore,2023-04-05
C267,Jayesh Mannan,19,F,Mumbai,2024-08-30
C268,Armaan Bhagat,43,F,Delhi,2021-08-19
C269,Shray Sethi,49,F,Hyderabad,2022-05-26
C270,Adira Raman,23,F,Mumbai,2021-07-02
C271,Veer Yogi,49,F,Hyderabad,2023-10-14
C272,Onkar Bains,21,F,Hyderabad,2022-04-13
C273,Aarav Lad,28,M,Delhi,2021-02-19
C274,Tejas Kale,34,M,Bangalore,2022-03-22
C275,Nitya Gandhi,41,F,Pune,2024-06-19
C276,Nitara Vala,22,F,Chennai,2022-03-13
C277,Saira Yogi,51,M,Bangalore,2023-03-07
C278,Dishani Dubey,23,F,Chennai,2022-02-22
C279,Shaan Jaggi,39,F,Delhi,2023-01-14
C280,Ishita Bhatt,28,M,Delhi,2022-07-29
C281,Aaina Salvi,33,F,Delhi,2021-03-26
C282,Parinaaz Shere,50,F,Mumbai,2023-09-26
C283,Mannat Mane,26,F,Chennai,2023-07-13
C284,Yuvaan Mahal,23,M,Bangalore,2024-09-16
C285,Romil Dhar,33,M,Bangalore,2022-08-26
C286,Adah Srivastava,46,M,Hyderabad,2024-06-14
C287,Anahita Kant,20,F,Hyderabad,2022-12-11
C288,Pari Chhabra,37,F,Hyderabad,2023-06-12
C289,Yashvi Yohannan,53,M,Delhi,2021-10-05
C290,Nirvi Basak,36,F,Bangalore,2024-10-14
C291,Drishya Saini,43,F,Chennai,2023-02-05
C292,Divij Tank,20,F,Delhi,2024-04-05
C293,Pari Dubey,36,F,Mumbai,2024-10-31
C294,Zara Chaudhary,37,F,Hyderabad,2021-12-18
C295,Anay Bajaj,49,M,Delhi,2023-11-28
C296,Anika Ramaswamy,24,F,Delhi,2021-01-11
C297,Amani Johal,50,M,Mumbai,2022-11-06
C298,Saanvi Sarin,35,F,Pune,2023-04-09
C299,Bhamini Iyengar,18,M,Bangalore,2024-02-09
C300,Hunar Sagar,28,F,Chennai,2022-01-20
C301,Suhana Vasa,45,M,Pune,2021-09-08
C302,Vanya Kala,42,F,Hyderabad,2022-08-06
C303,Jayesh Suri,40,M,Delhi,2021-03-03
C304,Badal Mallick,48,F,Mumbai,2022-06-13
C305,Gatik Kari,47,M,Mumbai,2024-09-07
C306,Zaina Kata,52,F,Bangalore,2022-08-03
C307,Tanya Walla,24,M,Pune,2023-01-11
C308,Manjari Tandon,33,M,Bangalore,2022-06-02
C309,Ira Kapoor,43,F,Delhi,2024-01-13
C310,Shanaya Venkataraman,19,F,Bangalore,2024-10-25
C311,Alisha Dayal,18,M,Chennai,2023-03-07
C312,Navya Devi,29,F,Mumbai,2023-03-03
C313,Mishti Dar,22,M,Mumbai,2021-04-10
C314,Advika Barad,54,M,Hyderabad,2023-02-07
C315,Miraan Deshpande,49,M,Hyderabad,2023-07-19
C316,Samar Warrior,26,F,Delhi,2024-04-09
C317,Hiran Borra,52,M,Chennai,2021-10-20
C318,Veer Saran,36,M,Pune,2023-02-05
C319,Renee Chhabra,33,F,Bangalore,2024-05-26
C320,Zeeshan Jani,20,F,Delhi,2021-11-20
C321,Hrishita Kaul,37,F,Hyderabad,2022-08-08
C322,Biju Chauhan,41,F,Bangalore,2022-04-12
C323,Vidur Zachariah,50,M,Hyderabad,2021-08-07
C324,Tarini Mani,41,M,Bangalore,2021-06-18
C325,Anvi Aggarwal,28,M,Pune,2022-08-04
C326,Rohan Shetty,25,M,Delhi,2023-09-06
C327,Aaina Luthra,53,F,Bangalore,2024-06-10
C328,Aradhya Choudhary,37,M,Chennai,2023-06-23
C329,Adira Kibe,52,M,Mumbai,2023-07-19
C330,Vidur Ganguly,42,F,Chennai,2021-03-29
C331,Samaira Butala,52,M,Chennai,2022-10-13
C332,Gokul Rastogi,42,M,Mumbai,2024-10-28
C333,Vihaan Rajagopalan,46,M,Chennai,2024-03-17
C334,Dharmajan Rout,35,M,Bangalore,2022-01-08
C335,Himmat Verma,35,M,Bangalore,2021-08-08
C336,Jivin Bakshi,19,M,Bangalore,2023-03-13
C337,Vaibhav Gade,52,F,Mumbai,2022-01-07
C338,Amani Gade,33,F,Chennai,2023-06-22
C339,Tara Wable,53,M,Mumbai,2023-12-24
C340,Ranbir Shetty,50,M,Bangalore,2022-06-27
C341,Ojas Tiwari,21,F,Chennai,2023-08-31
C342,Anaya Andra,50,M,Chennai,2021-09-25
C343,Stuvan Choudhury,31,M,Hyderabad,2023-02-03
C344,Vanya Sachdev,38,M,Hyderabad,2023-04-11
C345,Tanya Aurora,37,F,Pune,2022-01-10
C346,Krish Tripathi,25,M,Delhi,2023-12-23
C347,Misha Bose,24,F,Hyderabad,2022-06-01
C348,Gokul Khalsa,20,M,Mumbai,2021-12-23
C349,Jivika Chopra,34,F,Hyderabad,2022-07-21
C350,Rati Dave,50,F,Pune,2021-08-21
C351,Ivan Raman,29,M,Chennai,2024-01-08
C352,Vanya Tank,39,F,Pune,2023-05-02
C353,Sahil Bhagat,39,M,Chennai,2023-02-14
C354,Sahil Mani,47,F,Chennai,2023-10-17
C355,Vivaan Sehgal,25,M,Delhi,2024-10-11
C356,Dhanuk Rajagopalan,44,M,Hyderabad,2023-02-06
C357,Ehsaan Sarin,44,F,Mumbai,2024-10-24
C358,Piya Rama,51,M,Mumbai,2023-06-05
C359,Yashvi Mandal,38,M,Bangalore,2021-02-10
C360,Shray Lata,47,F,Chennai,2022-04-23
C361,Nitara Goyal,50,M,Mumbai,2021-03-24
C362,Dishani Sabharwal,45,M,Delhi,2023-03-17
C363,Abram Vala,50,F,Chennai,2024-05-01
C364,Ayesha Bera,22,F,Delhi,2021-10-08
C365,Taran Ravi,36,M,Mumbai,2021-05-21
C366,Rhea Bose,21,M,Mumbai,2023-03-31
C367,Jayesh Sha,52,F,Bangalore,2023-08-06
C368,Mannat Swamy,34,F,Mumbai,2021-05-19
C369,Anahita Kamdar,45,M,Chennai,2021-03-30
C370,Samarth Varkey,47,F,Chennai,2023-06-05
C371,Dhruv Dewan,46,M,Chennai,2022-05-21
C372,Nirvaan Sheth,23,M,Bangalore,2021-02-16
C373,Jiya Ramaswamy,52,M,Bangalore,2021-11-22
C374,Shayak Atwal,54,M,Mumbai,2023-05-11
C375,Shaan Chand,41,M,Pune,2022-11-10
C376,Lakshit Goel,46,F,Pune,2021-06-06
C377,Shlok Dey,48,F,Bangalore,2022-12-13
C378,Ivana Ahluwalia,52,F,Mumbai,2021-07-08
C379,Dharmajan Dara,50,F,Pune,2024-07-06
C380,Ayesha Mall,38,M,Mumbai,2024-04-09
C381,Prisha Khanna,49,M,Mumbai,2024-08-05
C382,Alia Sule,40,M,Mumbai,2021-01-05
C383,Divij Din,50,M,Hyderabad,2022-09-28
C384,Yuvaan Saraf,20,F,Chennai,2023-07-31
C385,Ryan Saini,35,M,Mumbai,2022-02-04
C386,Anika Malhotra,42,M,Hyderabad,2021-01-07
C387,Aarna Sharma,48,F,Bangalore,2024-06-29
C388,Sumer Sarna,20,F,Pune,2021-03-27
C389,Purab Dua,41,F,Chennai,2022-06-30
C390,Mehul Bhasin,49,F,Pune,2023-08-21
C391,Saksham Bhasin,39,M,Chennai,2022-01-25
C392,Kartik Chokshi,40,M,Pune,2022-04-05
C393,Raghav Sengupta,19,F,Chennai,2021-12-14
C394,Divyansh Thaman,44,M,Pune,2024-03-04
C395,Ritvik Comar,19,M,Pune,2022-07-03
C396,Jayesh Dora,43,M,Pune,2023-07-10
C397,Rhea Loke,34,F,Pune,2022-01-27
C398,Raghav Bajaj,50,M,Bangalore,2023-03-06
C399,Ishita Dhingra,26,F,Mumbai,2024-02-09
C400,Navya Vig,46,M,Delhi,2024-05-21
C401,Ehsaan Viswanathan,43,M,Hyderabad,2022-06-08
C402,Kaira Dhar,52,M,Delhi,2022-05-01
C403,Anvi Kannan,42,F,Delhi,2021-02-05
C404,Kabir Bal,41,M,Chennai,2022-10-05
C405,Anvi Bhandari,30,F,Mumbai,2022-08-25
C406,Yakshit Korpal,24,F,Chennai,2023-02-04
C407,Kashvi Rau,53,F,Mumbai,2023-03-30
C408,Indrajit Borde,37,M,Mumbai,2021-08-01
C409,Dharmajan Dash,18,M,Pune,2022-08-01
C410,Ivana Singhal,25,M,Bangalore,2023-07-03
C411,Mahika Raju,33,M,Pune,2021-02-24
C412,Urvi Lal,31,F,Bangalore,2024-07-19
C413,Alisha Kant,29,F,Chennai,2023-12-11
C414,Khushi Kala,40,F,Bangalore,2023-04-05
C415,Jiya Rao,32,M,Chennai,2022-03-21
C416,Manjari Shankar,45,F,Delhi,2024-08-08
C417,Tarini Chawla,51,M,Delhi,2023-01-06
C418,Prerak Sahota,19,F,Bangalore,2024-09-16
C419,Indranil Dar,49,M,Bangalore,2022-07-14
C420,Ishita Barad,40,M,Chennai,2024-09-27
C421,Aarav Jayaraman,39,F,Pune,2022-05-07
C422,Prisha Rajan,42,F,Chennai,2023-10-21
C423,Riaan Babu,39,F,Pune,2024-01-16
C424,Reyansh Sastry,39,F,Delhi,2021-02-26
C425,Rati Vasa,23,M,Mumbai,2022-04-27
C426,Devansh Sankar,32,F,Bangalore,2024-05-21
C427,Prerak Subramaniam,54,F,Pune,2022-10-24
C428,Aarna Bhandari,50,F,Chennai,2022-09-17
C429,Neelofar Borde,25,M,Delhi,2021-01-11
C430,Hridaan Banik,22,M,Pune,2022-07-25
C431,Ivan Sule,21,F,Chennai,2022-11-16
C432,Kimaya Shere,23,M,Bangalore,2024-10-07
C433,Advika Bhatia,49,F,Bangalore,2024-10-08
C434,Prisha Doshi,47,M,Hyderabad,2023-12-21
C435,Purab Krishna,52,M,Mumbai,2022-01-31
C436,Advika Baria,33,M,Hyderabad,2021-09-03
C437,Adah Shah,30,M,Delhi,2022-11-02
C438,Lavanya Dass,47,F,Pune,2022-12-02
C439,Divij Contractor,36,F,Delhi,2022-03-17
C440,Tarini Samra,34,F,Chennai,2022-03-31
C441,Kashvi Bahri,36,M,Bangalore,2023-01-05
C442,Anaya Lad,45,F,Hyderabad,2024-01-16
C443,Ranbir Chana,43,F,Hyderabad,2022-09-12
C444,Myra Talwar,54,F,Hyderabad,2022-01-19
C445,Divij Keer,43,M,Delhi,2024-01-26
C446,Yuvraj  Ganesan,40,M,Bangalore,2024-06-21
C447,Oorja Ben,26,M,Pune,2023-06-21
C448,Shalv Jha,29,F,Chennai,2022-11-19
C449,Reyansh Saini,18,F,Pune,2024-07-21
C450,Tara Maharaj,18,F,Delhi,2024-08-06
C451,Amani Basu,51,M,Chennai,2023-04-29
C452,Ojas Edwin,49,M,Hyderabad,2023-06-21
C453,Trisha Jaggi,42,F,Mumbai,2022-05-25
C454,Nirvi Virk,18,M,Delhi,2023-04-30
C455,Zain Bala,33,M,Delhi,2024-07-27
C456,Ela Golla,22,M,Bangalore,2022-01-20
C457,Mishti Kant,39,M,Pune,2021-07-04
C458,Lagan Deol,46,F,Delhi,2022-09-05
C459,Reyansh Kanda,20,M,Delhi,2022-03-24
C460,Gatik Atwal,29,M,Hyderabad,2021-01-01
C461,Rhea Buch,43,M,Hyderabad,2021-04-09
C462,Ishita Amble,33,M,Chennai,2024-05-10
C463,Divij Chowdhury,54,F,Mumbai,2021-09-12
C464,Anahi Bhargava,39,F,Bangalore,2022-10-06
C465,Charvi Sehgal,46,M,Mumbai,2021-03-23
C466,Diya Sastry,31,M,Chennai,2022-02-07
C467,Zeeshan Tiwari,45,M,Hyderabad,2021-09-29
C468,Anaya Dara,22,M,Pune,2024-03-14
C469,Ishita Bora,47,M,Hyderabad,2022-01-23
C470,Kanav Ram,22,M,Bangalore,2021-06-04
C471,Darshit Devi,29,F,Hyderabad,2021-08-29
C472,Shlok Subramaniam,33,M,Bangalore,2023-03-14
C473,Aarav Dhaliwal,43,F,Bangalore,2021-07-19
C474,Khushi Mann,43,F,Bangalore,2022-02-02
C475,Indrajit Kapoor,38,M,Chennai,2021-05-19
C476,Shray Ganesan,53,F,Bangalore,2024-03-19
C477,Amani Dyal,50,F,Bangalore,2021-10-02
C478,Rasha Dar,47,F,Pune,2022-04-27
C479,Mehul Varty,54,F,Mumbai,2021-04-14
C480,Azad Dutt,40,F,Delhi,2021-05-01
C481,Renee Tak,27,F,Mumbai,2021-10-02
C482,Veer Saini,22,M,Bangalore,2024-01-11
C483,Bhamini Badami,53,F,Pune,2024-10-03
C484,Damini Rajagopal,51,F,Hyderabad,2022-12-16
C485,Divyansh Vohra,48,F,Pune,2022-01-04
C486,Divyansh Lall,27,M,Bangalore,2021-03-06
C487,Abram Sen,36,F,Pune,2023-06-27
C488,Yuvraj  Virk,49,M,Pune,2021-05-18
C489,Dhanuk Keer,18,F,Bangalore,2022-02-19
C490,Shayak Ratta,22,M,Chennai,2024-10-25
C491,Nehmat Baria,21,M,Pune,2022-10-17
C492,Pari Varughese,33,F,Delhi,2021-01-06
C493,Samar Rattan,41,F,Delhi,2024-09-02
C494,Hrishita Badami,33,M,Pune,2022-01-13
C495,Miraan Raval,19,F,Chennai,2024-10-26
C496,Manikya Shenoy,45,M,Hyderabad,2024-05-02
C497,Adira Bawa,49,M,Bangalore,2022-04-01
C498,Ahana  Chacko,44,M,Delhi,2022-02-28
C499,Aniruddh Bajaj,37,M,Hyderabad,2024-09-12
C500,Yashvi Bala,41,M,Pune,2023-08-22
C501,Taimur Grover,29,F,Hyderabad,2022-03-23
C502,Hunar Das,52,M,Mumbai,2023-08-03
C503,Jivika Sanghvi,50,M,Delhi,2023-10-12
C504,Jayan Chahal,50,F,Pune,2022-10-21
C505,Manjari Virk,54,M,Bangalore,2024-02-24
C506,Miraya Sanghvi,29,F,Chennai,2023-08-26
C507,Charvi Manne,20,F,Pune,2022-04-29
C508,Mehul Kashyap,18,F,Bangalore,2021-05-05
C509,Amira Datta,50,M,Chennai,2022-11-01
C510,Zaina Kaul,27,M,Chennai,2023-11-10
C511,Parinaaz Mahajan,46,M,Pune,2023-03-15
C512,Devansh Kant,30,F,Hyderabad,2023-06-01
C513,Khushi Doctor,29,M,Hyderabad,2022-10-28
C514,Prisha Dass,48,F,Chennai,2023-03-02
C515,Romil Chaudhary,19,M,Hyderabad,2021-05-10
C516,Anya Bera,52,F,Mumbai,2021-07-16
C517,Vaibhav Mangal,40,M,Chennai,2021-08-27
C518,Kashvi Divan,34,M,Chennai,2024-06-12
C519,Akarsh Thakkar,43,M,Bangalore,2022-12-22
C520,Raghav Agrawal,25,F,Hyderabad,2022-09-08
C521,Mahika Sharma,46,F,Chennai,2024-06-11
C522,Reyansh Soni,43,M,Mumbai,2023-02-19
C523,Mahika Suresh,27,M,Bangalore,2021-08-16
C524,Madhup Ravi,43,F,Pune,2023-07-19
C525,Miraya Dass,51,F,Chennai,2024-05-19
C526,Mishti Bava,24,F,Mumbai,2022-10-12
C527,Sahil Subramaniam,21,M,Delhi,2021-06-29
C528,Arhaan Mann,28,F,Mumbai,2022-03-18
C529,Sana Bhatti,46,M,Mumbai,2024-01-04
C530,Ritvik Gade,53,F,Bangalore,2021-12-02
C531,Jayant Chaudhry,42,M,Pune,2022-06-14
C532,Vedika Madan,38,F,Delhi,2022-08-10
C533,Eva Krishna,53,F,Hyderabad,2023-09-21
C534,Ivan Dave,27,F,Hyderabad,2024-08-31
C535,Zara Divan,54,F,Mumbai,2021-05-27
C536,Zaina Bhandari,26,F,Bangalore,2023-03-06
C537,Dhanuk Bobal,41,M,Bangalore,2024-08-18
C538,Parinaaz Sengupta,52,F,Hyderabad,2023-03-31
C539,Zaina Mallick,52,F,Delhi,2022-08-03
C540,Divij Subramanian,53,F,Pune,2021-07-10
C541,Abram Deo,35,M,Delhi,2024-10-14
C542,Amani Gour,49,F,Chennai,2023-05-28
C543,Keya Halder,41,M,Chennai,2022-01-26
C544,Emir Sandal,40,F,Pune,2021-02-20
C545,Anaya Arora,49,F,Hyderabad,2023-10-27
C546,Manjari Choudhry,54,M,Pune,2022-06-07
C547,Myra Tata,29,F,Bangalore,2024-09-06
C548,Rati Dora,30,M,Chennai,2021-12-04
C549,Farhan Boase,40,M,Mumbai,2021-06-02
C550,Armaan Doshi,42,F,Mumbai,2022-11-17
C551,Farhan Bava,52,M,Hyderabad,2022-04-13
C552,Heer Bir,47,F,Bangalore,2024-09-10
C553,Amani Goyal,34,F,Delhi,2023-12-30
C554,Khushi Sharaf,37,M,Bangalore,2024-02-19
C555,Zeeshan Sagar,42,M,Mumbai,2023-01-28
C556,Ayesha Randhawa,39,M,Mumbai,2022-09-18
C557,Ranbir Babu,30,M,Chennai,2024-06-23
C558,Madhav Kapadia,36,F,Bangalore,2021-03-07
C559,Miraan Varma,53,F,Bangalore,2024-05-19
C560,Divyansh Sankar,29,M,Mumbai,2022-05-10
C561,Inaaya  Yohannan,36,F,Delhi,2022-07-21
C562,Biju Issac,29,F,Hyderabad,2021-08-29
C563,Kanav Bhat,26,F,Hyderabad,2022-01-10
C564,Divij Saini,24,F,Bangalore,2021-11-02
C565,Nayantara Reddy,45,M,Hyderabad,2021-03-16
C566,Badal Srivastava,31,M,Mumbai,2021-06-20
C567,Nirvaan Bhatnagar,48,F,Mumbai,2024-01-22
C568,Darshit Thakkar,36,M,Bangalore,2023-03-04
C569,Khushi Chokshi,33,M,Bangalore,2023-03-23
C570,Shalv Soman,22,M,Chennai,2024-07-21
C571,Vedika Yohannan,52,F,Bangalore,2024-08-13
C572,Raghav Varughese,29,F,Delhi,2022-07-21
C573,Hansh Madan,42,F,Hyderabad,2022-09-02
C574,Yasmin Chahal,38,M,Bangalore,2022-05-14
C575,Nitara Verma,53,F,Pune,2021-05-17
C576,Hansh Amble,40,F,Chennai,2023-10-18
C577,Vritika Subramaniam,33,M,Pune,2024-08-29
C578,Khushi Edwin,31,F,Mumbai,2022-08-04
C579,Jayant Deo,48,F,Hyderabad,2023-04-22
C580,Gokul Shanker,22,M,Bangalore,2023-11-18
C581,Eshani Bhandari,52,M,Pune,2023-01-14
C582,Anika Kapur,40,M,Hyderabad,2023-01-07
C583,Drishya Rajagopalan,46,F,Mumbai,2022-09-11
C584,Alisha Krishnamurthy,28,F,Delhi,2024-10-19
C585,Mannat Bains,35,F,Chennai,2022-08-13
C586,Amira Rout,29,M,Hyderabad,2021-10-16
C587,Biju Khatri,26,M,Hyderabad,2021-02-15
C588,Aaryahi Sankar,27,F,Delhi,2024-05-09
C589,Ayesha Sawhney,34,F,Hyderabad,2023-06-16
C590,Devansh Yogi,24,M,Mumbai,2024-01-31
C591,Samarth Ramanathan,30,M,Mumbai,2022-04-18
C592,Chirag Bhatnagar,26,M,Delhi,2024-03-09
C593,Misha Ravel,44,M,Chennai,2021-10-25
C594,Vaibhav Raju,19,F,Bangalore,2024-09-23
C595,Amani Krishnan,22,M,Pune,2021-09-10
C596,Divyansh Sundaram,46,F,Bangalore,2021-08-20
C597,Neysa Sachdev,54,F,Hyderabad,2023-11-13
C598,Adah Kara,36,F,Pune,2023-08-30
C599,Zain Gara,25,M,Delhi,2022-04-15
C600,Yakshit Johal,18,M,Delhi,2023-06-25
C601,Saksham Kala,39,M,Chennai,2024-10-28
C602,Nitya Datta,34,M,Pune,2021-02-08
C603,Indrans Sankar,24,F,Mumbai,2023-09-12
C604,Darshit Bath,42,M,Pune,2021-01-15
C605,Divij Kalita,21,M,Hyderabad,2023-12-09
C606,Shanaya Shankar,53,F,Mumbai,2021-02-20
C607,Zoya Bhattacharyya,23,M,Delhi,2021-03-20
C608,Khushi Mand,48,F,Pune,2023-01-01
C609,Oorja Bhat,36,F,Bangalore,2021-03-11
C610,Sumer Vohra,44,F,Chennai,2022-07-02
C611,Saira Bal,27,F,Bangalore,2024-03-04
C612,Kismat Dugal,43,F,Chennai,2024-05-18
C613,Ehsaan Mani,36,F,Hyderabad,2024-03-08
C614,Indrans Saha,20,F,Bangalore,2021-08-31
C615,Mamooty Vaidya,30,F,Pune,2021-11-25
C616,Stuvan Uppal,45,M,Pune,2022-02-18
C617,Farhan Singh,37,M,Bangalore,2024-07-31
C618,Kaira Chowdhury,45,M,Pune,2021-11-29
C619,Jhanvi Sinha,25,M,Hyderabad,2023-08-21
C620,Mahika Saha,18,F,Mumbai,2024-06-04
C621,Aniruddh Chana,20,M,Hyderabad,2024-10-07
C622,Rati Singh,30,F,Chennai,2024-09-06
C623,Shayak Gill,45,M,Hyderabad,2024-08-10
C624,Jivin Virk,42,M,Chennai,2023-02-15
C625,Jivika Saha,50,M,Pune,2022-01-30
C626,Darshit Bobal,23,F,Mumbai,2022-05-04
C627,Divij Shenoy,49,M,Pune,2022-12-13
C628,Uthkarsh Kadakia,38,F,Delhi,2023-08-15
C629,Shlok Brar,33,F,Pune,2023-07-03
C630,Sahil Sen,38,M,Chennai,2021-01-09
C631,Urvi Mander,28,M,Pune,2023-04-10
C632,Baiju Brahmbhatt,54,M,Pune,2021-12-25
C633,Tanya Ranganathan,53,F,Mumbai,2024-02-23
C634,Pari Baria,52,M,Pune,2022-11-06
C635,Ahana  Sahota,36,F,Mumbai,2024-06-28
C636,Aradhya Raman,37,F,Bangalore,2021-05-04
C637,Zeeshan Deshpande,35,M,Delhi,2024-07-28
C638,Tanya Kunda,31,M,Mumbai,2021-07-31
C639,Shray Kale,32,F,Chennai,2024-10-01
C640,Raunak Sane,48,F,Bangalore,2023-08-03
C641,Eshani Sama,18,F,Mumbai,2022-03-16
C642,Azad Choudhary,20,M,Mumbai,2021-08-11
C643,Kismat Bala,33,F,Delhi,2023-06-17
C644,Lagan Dora,40,M,Chennai,2022-04-27
C645,Tiya Biswas,28,F,Hyderabad,2023-07-26
C646,Riaan Gade,29,F,Hyderabad,2021-09-21
C647,Aarush Kothari,27,M,Mumbai,2024-02-17
C648,Jayant Bhattacharyya,49,F,Pune,2022-04-14
C649,Hazel Sarraf,33,M,Chennai,2024-01-09
C650,Damini Mammen,25,M,Bangalore,2024-08-03
C651,Devansh Issac,29,F,Pune,2023-12-29
C652,Adira Andra,41,M,Pune,2023-05-25
C653,Dhanuk Venkataraman,45,M,Chennai,2024-04-16
C654,Kashvi Kala,25,F,Mumbai,2024-03-19
C655,Rhea Reddy,45,M,Mumbai,2021-10-09
C656,Riaan Bhandari,53,M,Mumbai,2022-03-02
C657,Akarsh Gaba,43,M,Mumbai,2023-02-21
C658,Zaina Ranganathan,25,F,Hyderabad,2023-04-14
C659,Prisha Golla,45,M,Mumbai,2023-09-04
C660,Adira Uppal,45,F,Hyderabad,2022-12-14
C661,Nirvaan Kamdar,54,F,Hyderabad,2022-01-05
C662,Eshani Baral,53,M,Mumbai,2024-05-14
C663,Sahil Sharma,44,M,Delhi,2021-05-16
C664,Madhup Ganesan,34,M,Bangalore,2022-09-27
C665,Dhanuk Kumer,26,F,Pune,2021-05-21
C666,Eva Kumer,50,M,Hyderabad,2023-09-12
C667,Urvi Ghosh,37,M,Chennai,2021-04-28
C668,Samiha Tank,30,M,Chennai,2024-03-12
C669,Miraan Behl,45,M,Bangalore,2022-12-13
C670,Onkar Chaudhary,46,M,Chennai,2021-05-15
C671,Lavanya Bose,30,F,Delhi,2024-02-17
C672,Jayesh Som,52,F,Chennai,2022-10-02
C673,Anahi Shroff,23,M,Pune,2024-07-11
C674,Pihu Wadhwa,35,M,Pune,2024-07-31
C675,Mishti Dugar,22,M,Hyderabad,2023-05-15
C676,Advika Bandi,42,M,Mumbai,2021-01-21
C677,Ahana  Raval,19,F,Delhi,2021-11-29
C678,Yashvi Devan,27,M,Hyderabad,2022-08-15
C679,Sumer Kulkarni,47,F,Delhi,2022-02-07
C680,Sahil Kashyap,22,F,Mumbai,2023-07-05
C681,Armaan Balakrishnan,50,M,Chennai,2023-02-06
C682,Reyansh Barad,18,F,Chennai,2022-12-10
C683,Mannat Rajan,35,F,Mumbai,2023-08-05
C684,Anahi Mannan,49,F,Hyderabad,2024-10-16
C685,Alisha Tailor,28,F,Mumbai,2021-04-18
C686,Samarth Ramakrishnan,38,M,Bangalore,2024-02-05
C687,Damini Borra,43,M,Pune,2021-09-08
C688,Alisha Behl,42,F,Hyderabad,2021-04-10
C689,Riya Basak,39,M,Delhi,2024-09-20
C690,Arnav Dasgupta,44,M,Bangalore,2022-12-01
C691,Advika Lala,30,M,Hyderabad,2022-11-06
C692,Tejas Grewal,50,M,Mumbai,2022-06-18
C693,Vidur Jayaraman,51,M,Mumbai,2023-12-12
C694,Parinaaz Ram,52,F,Mumbai,2023-10-07
C695,Vritika Raval,18,M,Mumbai,2024-04-05
C696,Chirag Gala,38,M,Delhi,2022-02-08
C697,Ivana Sane,23,M,Bangalore,2022-05-03
C698,Raunak Date,45,M,Chennai,2023-02-14
C699,Shamik Baria,34,F,Pune,2021-09-06
C700,Stuvan Dubey,22,F,Delhi,2023-12-13
C701,Hansh Rajan,48,F,Delhi,2021-03-04
C702,Sahil Mammen,22,F,Chennai,2022-07-08
C703,Nayantara Sule,20,M,Chennai,2024-03-03
C704,Gokul Sampath,40,F,Pune,2024-06-17
C705,Neelofar Sampath,54,M,Pune,2024-06-21
C706,Diya Golla,54,M,Chennai,2022-04-21
C707,Taran Dubey,27,M,Mumbai,2022-07-22
C708,Lakshit Garde,27,M,Delhi,2023-08-27
C709,Kartik Chowdhury,36,M,Hyderabad,2022-12-25
C710,Indrans Barad,34,F,Pune,2022-12-05
C711,Vedika Bedi,38,F,Pune,2023-01-19
C712,Nitara Ganguly,31,F,Chennai,2023-12-11
C713,Kimaya Guha,26,F,Bangalore,2024-04-26
C714,Ishaan Chana,18,M,Hyderabad,2023-04-24
C715,Saira Kanda,30,F,Hyderabad,2023-04-22
C716,Zain Gopal,21,M,Pune,2024-03-29
C717,Ahana  Ramaswamy,18,F,Mumbai,2023-02-17
C718,Suhana Shere,49,M,Bangalore,2024-05-06
C719,Mehul Loke,51,M,Hyderabad,2022-09-15
C720,Sahil Tailor,45,F,Pune,2021-06-19
C721,Kartik Gour,48,M,Hyderabad,2022-09-16
C722,Anahi Sodhi,25,M,Bangalore,2022-12-06
C723,Vanya Halder,43,F,Bangalore,2023-07-18
C724,Ishaan Taneja,51,M,Delhi,2023-07-14
C725,Zaina Ramakrishnan,20,F,Chennai,2021-04-06
C726,Ojas Bal,29,F,Chennai,2023-12-25
C727,Umang Malhotra,18,F,Pune,2021-10-25
C728,Riya Vaidya,22,M,Bangalore,2024-03-19
C729,Raunak Barman,47,M,Delhi,2023-01-30
C730,Purab Kar,47,M,Delhi,2023-01-02
C731,Adira Bath,34,F,Hyderabad,2023-03-23
C732,Alisha Wagle,40,M,Hyderabad,2024-06-16
C733,Anay Johal,32,F,Delhi,2021-02-06
C734,Vivaan Krishnamurthy,54,F,Hyderabad,2022-12-28
C735,Miraan Hans,38,M,Bangalore,2022-11-28
C736,Umang Choudhury,31,F,Mumbai,2022-11-24
C737,Samar Bawa,19,M,Bangalore,2024-01-06
C738,Vritika Bora,28,M,Delhi,2021-04-29
C739,Armaan Dhar,51,M,Delhi,2021-03-16
C740,Rasha Thakur,51,M,Bangalore,2021-08-21
C741,Tara Sastry,35,M,Hyderabad,2021-06-27
C742,Alia Randhawa,47,F,Hyderabad,2023-09-30
C743,Dhanush Andra,32,F,Chennai,2023-09-06
C744,Madhav Tiwari,44,F,Delhi,2021-11-30
C745,Ira Seth,51,M,Pune,2021-05-18
C746,Faiyaz Soni,50,M,Chennai,2023-07-25
C747,Miraan Dora,41,M,Hyderabad,2021-02-22
C748,Badal Dar,32,F,Bangalore,2021-08-29
C749,Navya Sundaram,47,M,Hyderabad,2024-09-19
C750,Chirag Bhakta,34,F,Bangalore,2021-03-04
C751,Kimaya Loyal,22,F,Chennai,2021-10-20
C752,Mohanlal Kurian,46,M,Delhi,2021-09-14
C753,Saanvi Bora,21,M,Hyderabad,2021-10-04
C754,Aaryahi Acharya,27,F,Bangalore,2022-12-25
C755,Nakul Mangal,34,M,Delhi,2024-02-25
C756,Kabir Salvi,27,F,Pune,2021-02-20
C757,Eshani Gole,34,M,Bangalore,2023-10-01
C758,Eshani Magar,37,M,Chennai,2022-10-28
C759,Vidur Vohra,41,F,Pune,2023-03-14
C760,Azad Ravi,22,M,Pune,2023-03-08
C761,Umang Date,51,F,Mumbai,2022-04-07
C762,Taimur Subramaniam,23,M,Hyderabad,2023-08-20
C763,Shray Dara,19,F,Bangalore,2023-02-25
C764,Trisha Mannan,30,F,Pune,2024-10-12
C765,Himmat Bains,28,M,Mumbai,2023-12-30
C766,Inaaya  Gara,40,F,Chennai,2024-05-07
C767,Vanya Sani,33,M,Delhi,2021-11-11
C768,Rasha Khatri,48,M,Bangalore,2022-04-15
C769,Zoya Bir,28,M,Pune,2024-08-03
C770,Saanvi Soni,33,F,Hyderabad,2021-07-30
C771,Armaan Din,25,F,Mumbai,2021-06-07
C772,Azad Sule,21,M,Pune,2023-01-28
C773,Arnav Dugar,21,M,Hyderabad,2023-11-28
C774,Drishya Issac,42,F,Pune,2023-03-30
C775,Ojas Badami,20,M,Bangalore,2021-08-06
C776,Reyansh Gokhale,49,M,Bangalore,2022-10-14
C777,Neysa Gandhi,20,F,Bangalore,2023-06-17
C778,Gatik Sura,44,M,Chennai,2023-08-06
C779,Adira Walia,46,F,Chennai,2021-06-17
C780,Shanaya Kannan,49,M,Mumbai,2021-01-26
C781,Shayak Chander,36,F,Bangalore,2022-10-28
C782,Rania Kothari,38,M,Hyderabad,2021-12-22
C783,Yasmin Lad,22,M,Pune,2022-05-22
C784,Zaina Barman,35,F,Delhi,2024-05-20
C785,Dhanush Kale,45,M,Hyderabad,2024-02-22
C786,Inaaya  Din,39,F,Chennai,2023-10-30
C787,Ehsaan Baral,38,M,Chennai,2021-06-22
C788,Nitara Divan,23,F,Hyderabad,2022-07-08
C789,Alia Ramachandran,18,F,Chennai,2022-11-05
C790,Ivan Sant,22,F,Bangalore,2023-08-19
C791,Stuvan Kapoor,29,F,Mumbai,2021-03-06
C792,Samiha Virk,43,M,Pune,2022-12-24
C793,Mannat Kalla,51,M,Mumbai,2021-08-14
C794,Navya Sule,31,F,Pune,2022-02-27
C795,Dhanuk Sampath,43,F,Pune,2022-07-26
C796,Tejas Kunda,44,F,Mumbai,2023-07-03
C797,Aniruddh Bora,26,M,Hyderabad,2024-07-06
C798,Arhaan Bhatnagar,43,M,Pune,2021-02-06
C799,Miraan Sood,39,M,Mumbai,2022-08-14
C800,Taran Handa,47,M,Pune,2023-04-12
C801,Lavanya Bose,34,F,Delhi,2024-05-29
C802,Tushar Grewal,43,F,Hyderabad,2021-05-13
C803,Tarini Barad,53,F,Bangalore,2022-03-09
C804,Eva Goswami,18,M,Pune,2022-06-15
C805,Saksham Sachar,25,M,Delhi,2023-05-26
C806,Nishith Bhandari,52,M,Bangalore,2021-08-06
C807,Sara Chander,32,F,Bangalore,2023-04-27
C808,Ela Hari,39,F,Pune,2024-08-15
C809,Prerak Soman,31,M,Mumbai,2023-05-10
C810,Renee Kapoor,43,F,Pune,2021-05-14
C811,Manjari Dhar,45,M,Delhi,2021-11-22
C812,Krish Bhat,40,M,Bangalore,2022-10-05
C813,Devansh Kara,31,F,Pune,2024-03-13
C814,Riya Kapadia,41,M,Mumbai,2021-10-17
C815,Zoya Sanghvi,19,F,Pune,2022-07-15
C816,Nitya Ghose,43,M,Hyderabad,2022-12-23
C817,Ira Madan,31,F,Mumbai,2023-10-26
C818,Rohan Varghese,24,F,Delhi,2023-12-01
C819,Riya Savant,20,F,Bangalore,2022-02-14
C820,Yashvi Golla,40,M,Pune,2021-06-14
C821,Gatik Chaudhry,35,M,Mumbai,2024-03-28
C822,Miraan Subramanian,52,F,Hyderabad,2021-11-23
C823,Anay Gole,32,F,Mumbai,2024-03-26
C824,Anahita Suri,42,M,Chennai,2023-02-16
C825,Manjari Wagle,54,M,Hyderabad,2022-11-20
C826,Chirag Dubey,45,M,Delhi,2023-10-16
C827,Saanvi Sem,27,F,Bangalore,2023-04-11
C828,Eshani Jha,34,M,Delhi,2022-01-23
C829,Kashvi Bansal,39,M,Pune,2021-06-13
C830,Samar Rege,43,F,Mumbai,2024-05-12
C831,Alisha Kaul,42,M,Chennai,2022-05-18
C832,Gokul Vyas,34,M,Hyderabad,2024-01-24
C833,Tiya Bhattacharyya,30,M,Hyderabad,2023-05-04
C834,Damini Vig,37,F,Mumbai,2022-02-27
C835,Gatik Lad,42,F,Chennai,2022-01-23
C836,Romil Butala,21,F,Mumbai,2021-11-18
C837,Samarth Savant,27,F,Pune,2022-07-15
C838,Shray Lad,20,F,Delhi,2024-04-19
C839,Dhanush Dass,35,F,Hyderabad,2021-03-28
C840,Myra Majumdar,53,F,Pune,2022-11-19
C841,Gokul Rattan,39,M,Delhi,2023-10-05
C842,Mannat Loke,51,M,Pune,2023-09-24
C843,Damini Rege,25,F,Chennai,2024-03-02
C844,Kiara Mannan,36,M,Hyderabad,2023-07-07
C845,Jayan Sahni,54,M,Mumbai,2023-03-12
C846,Jivika Bail,23,F,Mumbai,2022-03-20
C847,Dhanush Bajaj,43,M,Delhi,2022-07-07
C848,Nehmat Cheema,51,M,Bangalore,2024-02-24
C849,Miraya Reddy,23,M,Chennai,2023-02-21
C850,Charvi Walia,54,M,Delhi,2021-12-15
C851,Nayantara Dora,50,M,Bangalore,2021-07-11
C852,Nirvaan Swaminathan,39,F,Pune,2024-09-17
C853,Rohan Karan,38,F,Chennai,2022-02-26
C854,Prisha Balan,23,F,Pune,2024-06-16
C855,Advika Johal,23,M,Hyderabad,2021-02-23
C856,Anahi Chaudry,21,F,Chennai,2023-09-25
C857,Mahika Bora,47,M,Bangalore,2024-02-23
C858,Saanvi Dutta,28,M,Hyderabad,2021-04-02
C859,Yakshit Bhattacharyya,47,M,Mumbai,2022-06-12
C860,Drishya Mand,48,M,Bangalore,2021-12-28
C861,Samar Dara,41,F,Delhi,2021-04-06
C862,Gatik Deol,26,F,Mumbai,2022-11-17
C863,Nishith Bobal,20,M,Mumbai,2021-02-01
C864,Badal Dhillon,48,F,Delhi,2022-03-02
C865,Mannat Kadakia,54,M,Chennai,2021-03-13
C866,Indranil Talwar,53,F,Mumbai,2022-12-20
C867,Kashvi Sen,41,F,Bangalore,2023-03-14
C868,Kanav Singh,48,M,Hyderabad,2021-05-13
C869,Charvi Kurian,23,F,Mumbai,2024-05-14
C870,Charvi Wable,19,M,Bangalore,2022-02-01
C871,Charvi Apte,37,F,Pune,2023-06-06
C872,Vihaan Krishnan,45,M,Bangalore,2024-10-23
C873,Nakul Chokshi,28,M,Hyderabad,2022-10-31
C874,Badal Bakshi,21,F,Bangalore,2024-01-29
C875,Bhamini Raju,32,F,Delhi,2023-04-08
C876,Reyansh Loyal,23,M,Hyderabad,2021-11-16
C877,Emir Kale,47,F,Chennai,2024-03-09
C878,Prerak Seth,19,F,Pune,2023-03-16
C879,Tarini Jaggi,32,M,Delhi,2022-01-29
C880,Azad Iyer,28,M,Chennai,2021-01-18
C881,Jiya Mand,25,F,Bangalore,2021-06-14
C882,Taran Malhotra,43,M,Hyderabad,2023-01-10
C883,Devansh Hans,22,M,Pune,2022-09-14
C884,Tarini Maharaj,23,M,Delhi,2023-03-26
C885,Misha Sangha,43,F,Chennai,2023-09-10
C886,Gokul Bava,21,F,Chennai,2021-02-07
C887,Umang Sundaram,36,M,Pune,2024-07-28
C888,Ivana Goswami,37,F,Bangalore,2021-03-07
C889,Kiaan Ramachandran,50,M,Pune,2022-08-08
C890,Damini Bahri,37,F,Chennai,2024-06-18
C891,Armaan Biswas,29,M,Mumbai,2023-08-30
C892,Zaina Khalsa,18,M,Delhi,2023-04-09
C893,Indrajit Raman,43,F,Pune,2022-09-09
C894,Shaan Ramesh,31,M,Chennai,2021-11-26
C895,Ishaan Hegde,54,F,Bangalore,2023-10-03
C896,Kiara Ganguly,28,F,Chennai,2023-10-21
C897,Rhea Manda,53,M,Bangalore,2024-04-20
C898,Anika Tandon,30,M,Pune,2024-05-31
C899,Tushar Gandhi,20,F,Bangalore,2022-12-15
